first_name,last_name,Phone,StreetAddress,City,State,Zip
Luca,Meagh,817-752-8313,5 Springview Circle,Fort Worth,Texas,76147
Zachary,Gladbeck,505-894-5174,2942 Thompson Place,Albuquerque,New Mexico,87140
Brigham,Dugmore,919-450-6123,42893 Linden Pass,Raleigh,North Carolina,27621
Madonna,Claybourn,806-289-1636,53047 Goodland Court,Lubbock,Texas,79415
Holly,O'Hanley,317-374-9886,41 Schlimgen Court,Indianapolis,Indiana,46239
Verney,Greensted,281-397-9881,287 Harbort Way,Katy,Texas,77493
Zia,Setchfield,812-463-0530,210 Victoria Alley,Evansville,Indiana,47719
Ruy,Goutcher,916-870-4350,3590 Caliangt Drive,Sacramento,California,95833
Edlin,Arnowicz,318-557-4006,9 Waubesa Alley,Monroe,Louisiana,71208
Randell,Mazzilli,913-329-1644,7840 Vera Hill,Shawnee Mission,Kansas,66225
Fernande,Ree,918-737-4107,3523 Lakewood Terrace,Tulsa,Oklahoma,74156
Gisele,Heggs,316-621-0881,98110 Division Point,Wichita,Kansas,67205
Konstance,Bridson,719-751-4452,08 Crest Line Plaza,Pueblo,Colorado,81010
Gregorius,Geeson,760-988-8484,45 Randy Trail,Carlsbad,California,92013
Gus,Claussen,415-695-2400,5522 Loomis Parkway,San Rafael,California,94913
Esther,Ianne,919-736-2531,24193 Merchant Trail,Raleigh,North Carolina,27615
Norah,Poultney,515-129-2915,225 Ludington Hill,Des Moines,Iowa,50362
Teriann,Toppes,636-353-5085,7605 Fuller Road,Saint Louis,Missouri,63131
Tony,Raison,216-192-6572,383 Farragut Junction,Cleveland,Ohio,44111
Shurlocke,Grubb,315-950-2483,39448 Oak Junction,Syracuse,New York,13224
Riane,McLurg,804-244-1386,5658 Bobwhite Circle,Richmond,Virginia,23272
Paddie,Esom,210-894-1444,0312 Melody Trail,San Antonio,Texas,78230
Auguste,Surplice,260-729-5133,79918 Milwaukee Court,Fort Wayne,Indiana,46867
Myrvyn,Farnie,309-659-5546,5906 Forest Run Parkway,Carol Stream,Illinois,60158
Meghan,Yeabsley,571-249-5677,558 Spaight Alley,Fairfax,Virginia,22036
Rubin,Leftwich,434-918-3550,97978 Kennedy Point,Manassas,Virginia,22111
Margaret,Rupke,214-802-5194,3 Cordelia Hill,Dallas,Texas,75358
Lyndsay,Titmarsh,210-498-4894,95286 Eliot Point,San Antonio,Texas,78210
Jemmy,Cobain,414-989-2875,055 Heffernan Street,Milwaukee,Wisconsin,53215
Eloise,Behrendsen,337-321-9102,499 Roxbury Pass,Lafayette,Louisiana,70505
Trisha,Lemonnier,202-224-6353,8 Debra Street,Washington,District of Columbia,20430
Jedediah,Revington,212-665-0841,953 Ohio Road,Brooklyn,New York,11231
Marjie,Fairnie,707-289-2779,24 Fulton Junction,Santa Rosa,California,95405
Demetre,Todeo,318-298-6593,60 Dennis Lane,Shreveport,Louisiana,71115
Perren,Ivory,801-802-9286,28 American Ash Pass,Salt Lake City,Utah,84105
Shawn,Jagiela,210-950-0486,12693 Carpenter Avenue,San Antonio,Texas,78210
Ade,Shama,313-144-4062,19420 Towne Avenue,Dearborn,Michigan,48126
Mab,Gasquoine,407-631-4549,93 Burrows Trail,Winter Haven,Florida,33884
Ardeen,Chafney,650-171-2357,91 Sloan Plaza,Palo Alto,California,94302
Ag,Branson,239-621-2128,5450 Spohn Trail,Fort Myers,Florida,33994
Dosi,Gyorffy,909-860-4432,8 Westport Street,Riverside,California,92505
Kippy,Beach,314-194-3700,622 Warbler Alley,Saint Louis,Missouri,63143
Leoine,Vasilov,585-296-2668,1 Del Sol Lane,Rochester,New York,14604
Hale,Cornell,512-870-0860,0 6th Hill,Austin,Texas,78789
Ninetta,Dorkin,585-482-3923,206 Kipling Pass,Rochester,New York,14646
Ugo,Brach,774-948-3937,0664 Reinke Plaza,Waltham,Massachusetts,2453
Vick,Ortmann,559-431-6575,215 Morningstar Center,Visalia,California,93291
Melodee,Warin,770-707-9385,06346 Summit Place,Marietta,Georgia,30066
Dorena,Sollett,803-188-1256,6613 Bartillon Place,Columbia,South Carolina,29203
Rossie,Laise,323-157-9968,36 Loomis Street,Los Angeles,California,90076
Elyssa,Dennick,801-572-7640,8906 Moose Lane,Salt Lake City,Utah,84199
Kaleena,Jobey,203-577-0567,992 Commercial Junction,New Haven,Connecticut,6520
Barbee,Gair,713-980-3665,78 Village Alley,Houston,Texas,77080
Kean,Cann,817-911-7225,40706 Orin Junction,Fort Worth,Texas,76147
Ambrosi,Cornelisse,918-600-8256,42 Sommers Avenue,Tulsa,Oklahoma,74108
Wolfgang,Culmer,203-174-9529,61709 John Wall Lane,New Haven,Connecticut,6533
Buffy,McOnie,415-103-9563,0 Waubesa Terrace,San Francisco,California,94116
Martainn,Kensington,321-847-1068,7 Bayside Lane,Orlando,Florida,32813
Karlan,Chattington,850-128-3635,45 Lakeland Way,Tallahassee,Florida,32399
Agnella,Blindmann,240-654-8777,4 Daystar Center,Silver Spring,Maryland,20910
Emylee,Lockitt,352-254-4606,52511 Petterle Way,Gainesville,Florida,32605
Faustina,Aaronson,562-339-8283,2085 Lyons Drive,Long Beach,California,90840
Corrie,Bedford,316-679-9060,3182 Forest Run Trail,Wichita,Kansas,67220
Raphaela,Desouza,775-744-9442,7 Colorado Point,Reno,Nevada,89505
Sigvard,Faughnan,732-273-8435,398 Amoth Drive,New Brunswick,New Jersey,8922
Clerkclaude,Lipgens,804-405-4547,30 Pleasure Pass,Richmond,Virginia,23242
Livvie,Otridge,202-450-6909,6 Clove Drive,Washington,District of Columbia,20420
Ketti,Goldwater,504-634-2016,65 Schlimgen Plaza,New Orleans,Louisiana,70174
Jessy,Drinkale,570-479-9642,67295 Michigan Pass,Wilkes Barre,Pennsylvania,18763
Ellyn,Eaglesham,816-205-6969,7636 Heath Park,Kansas City,Missouri,64187
Clark,Coverdale,315-710-1735,6 Oak Place,Syracuse,New York,13251
Konstantin,Sarton,817-566-4087,9 Arizona Road,Arlington,Texas,76016
Laurette,McGurgan,408-110-6738,2 Schmedeman Park,San Jose,California,95133
Killie,Ballham,713-233-0747,9 Cottonwood Trail,Houston,Texas,77218
Minetta,Vannozzii,818-628-7333,33 Towne Junction,Los Angeles,California,90020
Rutledge,Bodesson,989-377-8205,731 Pankratz Avenue,Saginaw,Michigan,48604
Audry,Verdun,408-168-5801,537 Homewood Road,San Jose,California,95160
Roseline,Josham,937-883-0169,03 Carpenter Trail,Dayton,Ohio,45454
Jayne,Davidavidovics,202-831-3533,954 Harbort Alley,Washington,District of Columbia,20409
Walt,Talks,682-468-6160,06 Orin Road,Fort Worth,Texas,76192
Davita,Yakubowicz,702-797-0919,3 Fulton Circle,North Las Vegas,Nevada,89036
Mollie,Siemens,314-334-5701,5 Homewood Terrace,Saint Louis,Missouri,63167
Brannon,MacArthur,325-555-4839,68095 Utah Street,San Angelo,Texas,76905
Faith,Gookey,614-487-9684,64 Elka Hill,Columbus,Ohio,43268
Morgana,Humbie,907-532-1379,90 Sloan Way,Anchorage,Alaska,99517
Peadar,Alger,814-993-8958,0 Prairie Rose Plaza,Erie,Pennsylvania,16505
Urbain,Boutell,505-109-6119,2 Moland Hill,Albuquerque,New Mexico,87140
Aubrette,Nehls,334-263-6527,409 Mcguire Parkway,Montgomery,Alabama,36119
Kinna,Ellam,314-905-3785,215 Bashford Place,Saint Louis,Missouri,63167
Andrej,Cissell,310-363-9300,75 Buhler Place,Palo Alto,California,94302
Meyer,Bastiman,503-527-1888,24892 Delaware Lane,Portland,Oregon,97296
Trev,Cammell,651-496-6967,8180 Hermina Junction,Saint Paul,Minnesota,55172
Mahalia,Reckhouse,406-140-6580,63291 Prentice Street,Helena,Montana,59623
Reece,Nobbs,540-784-1070,2020 Pennsylvania Way,Roanoke,Virginia,24029
Zandra,Blaszczyk,830-262-3824,7915 Tennessee Point,San Antonio,Texas,78260
Phillie,Eveleigh,804-313-2351,12 Sachs Hill,Richmond,Virginia,23220
Zelig,Wimp,941-578-0034,4 Evergreen Park,Punta Gorda,Florida,33982
Katerine,Mariel,585-247-5670,5313 Hagan Plaza,Rochester,New York,14646
Maurie,Ivan,805-879-6899,3 Riverside Park,Simi Valley,California,93094
Tabatha,Bundey,540-399-0640,2306 Cardinal Point,Roanoke,Virginia,24009
